c>,o<,o>,r<,r>,r<.1,r>.1,e<,e>,c<.1,c>.1,t<,t>,h<,h>,o<.1,o>.1,r<.2,r>.2,s<,s>,e<.1,e>.1,usuario
0.0689160823822021,0.0597517490386962,0.0601112842559814,0.2012271881103515,0.05869722366333,0.0703999996185302,0.0595948696136474,0.0925459861755371,0.0878026485443115,0.0599431991577148,0.0800337791442871,0.1324024200439453,0.0572035312652587,0.3508036136627197,0.04913330078125,0.1202747821807861,0.0496463775634765,0.0212547779083251,0.0689165592193603,0.1702637672424316,0.0697085857391357,0.0198996067047119,0.0409872531890869,alex
0.0486304759979248,0.0290882587432861,0.0398495197296142,0.1109135150909423,0.0390379428863525,0.0809834003448486,0.0692138671875,0.0607500076293945,0.0692152976989746,0.0807509422302246,0.0594069957733154,0.1304330825805664,0.0398108959197998,0.490105390548706,0.0495595932006835,0.1207518577575683,0.0591773986816406,0.0219626426696777,0.05898118019104,0.119645357131958,0.0897576808929443,0.0301365852355957,0.0494942665100097,alex
0.0585911273956298,0.0501549243927001,0.0598976612091064,0.0608203411102294,0.0289304256439209,0.0708186626434326,0.0694966316223144,0.0802900791168212,0.0707063674926757,0.079517126083374,0.0695099830627441,0.1308362483978271,0.049058198928833,0.6006300449371338,0.0594170093536376,0.1105365753173828,0.0,0.0495533943176269,0.0500752925872802,0.129784345626831,0.0806572437286377,0.0189607143402099,0.0494318008422851,alex
0.0590121746063232,0.0706067085266113,0.0393450260162353,0.0807828903198242,0.0492355823516845,0.0602903366088867,0.079935073852539,0.050370454788208,0.0705373287200927,0.0802321434020996,0.049722671508789,0.1405620574951172,0.0585706233978271,0.5907275676727295,0.0490918159484863,0.1200535297393798,0.0499348640441894,0.0098028182983398,0.0716218948364257,0.1392390727996826,0.0899515151977539,0.0203554630279541,0.0593101978302001,alex
0.0512402057647705,0.0485613346099853,0.049168586730957,0.0919361114501953,0.0480573177337646,0.0706489086151123,0.0795168876647949,0.0408675670623779,0.0896623134613037,0.0806884765625,0.068880558013916,0.1313850879669189,0.0584564208984375,0.8205735683441162,0.0592646598815918,0.1208388805389404,0.0594849586486816,0.0001342296600341,0.0597221851348876,0.1206238269805908,0.069368839263916,0.0199894905090332,0.0499131679534912,alex
0.0487327575683593,0.0501697063446044,0.0496773719787597,0.1105048656463623,0.0595085620880126,0.0904366970062255,0.060563325881958,0.0718367099761962,0.0776519775390625,0.0900142192840576,0.0594699382781982,0.1707868576049804,0.0390288829803466,0.5310795307159424,0.0492200851440429,0.1215286254882812,0.0494506359100341,0.0198771953582763,0.0591096878051757,0.700843334197998,0.0,0.0490732192993164,0.0500655174255371,alex
0.0792691707611084,0.0712282657623291,0.0486757755279541,0.2516729831695556,0.0390985012054443,0.0895302295684814,0.0597240924835205,0.0905008316040039,0.0805201530456543,0.1006355285644531,0.0783956050872802,0.1706573963165283,0.0591382980346679,0.3706848621368408,0.0595788955688476,0.1405842304229736,0.0,0.0390329360961914,0.0590779781341552,0.1412975788116455,0.0789046287536621,9.632110595703124e-05,0.0795192718505859,alex
0.0485093593597412,0.0403001308441162,0.0600378513336181,0.0806663036346435,0.0490913391113281,0.0806891918182373,0.0704405307769775,0.0703787803649902,0.0584709644317626,0.0919334888458252,0.0886433124542236,0.1802268028259277,0.0594503879547119,0.2603211402893066,0.0596866607666015,0.1206521987915039,0.0691971778869628,0.010930061340332,0.089285135269165,0.3306772708892822,0.0,0.0909974575042724,0.0592358112335205,alex
0.0590925216674804,0.0614762306213378,0.0483753681182861,0.1103789806365966,0.0396020412445068,0.051506757736206,0.0787639617919921,0.0605525970458984,0.0696134567260742,0.0804452896118164,0.0490777492523193,0.1805956363677978,0.0596454143524169,0.3503706455230713,0.0594980716705322,0.1112098693847656,0.0588748455047607,0.0001225471496582,0.079845905303955,0.1014580726623535,0.0986199378967285,0.010108470916748,0.0801010131835937,alex
0.0579569339752197,0.0517425537109375,0.0580866336822509,0.0906801223754882,0.0493450164794921,0.0705766677856445,0.0704469680786132,0.0695412158966064,0.069432258605957,0.0907878875732421,0.0806338787078857,0.1594440937042236,0.0592670440673828,0.311445951461792,0.0587310791015625,0.1205503940582275,0.0494129657745361,0.0001089572906494,0.05995774269104,0.1606390476226806,0.0794646739959716,0.0311331748962402,0.0586240291595459,alex
0.0585052967071533,0.0408296585083007,0.0503075122833251,0.1194238662719726,0.0394515991210937,0.0908756256103515,0.0797224044799804,0.0704302787780761,0.0691292285919189,0.2517421245574951,0.0681493282318115,0.1908786296844482,0.0692682266235351,0.2504847049713135,0.0494282245635986,0.1108522415161132,0.0,0.0493068695068359,0.0602500438690185,0.1604540348052978,0.0805950164794921,9.894371032714844e-05,0.0587444305419921,alex
0.0488917827606201,0.0815098285675048,0.0482997894287109,0.4509601593017578,0.0392556190490722,0.0907375812530517,0.0692982673645019,0.0503897666931152,0.0811648368835449,0.1988899707794189,0.0694503784179687,0.1905078887939453,0.0595765113830566,0.2211589813232422,0.0687940120697021,0.1107733249664306,0.0,0.038996934890747,0.0704631805419921,0.2899715900421142,0.0,0.0709495544433593,0.0623269081115722,alex
0.0587935447692871,0.080657958984375,0.04903244972229,0.0808196067810058,0.0492327213287353,0.0707263946533203,0.0695385932922363,0.0607705116271972,0.0793235301971435,0.0703692436218261,0.0807578563690185,0.1595122814178466,0.039170503616333,0.4005177021026611,0.0596194267272949,0.1104381084442138,0.0592777729034423,0.0101222991943359,0.0700762271881103,0.120715856552124,0.0898897647857666,0.0298840999603271,0.049239158630371,alex
0.0588111877441406,0.0706708431243896,0.0490088462829589,0.1207499504089355,0.0495116710662841,0.070239782333374,0.0799031257629394,0.0402379035949707,0.0903944969177246,0.0999658107757568,0.059232473373413,0.1506447792053222,0.0592987537384033,0.2804274559020996,0.0596785545349121,0.1025760173797607,0.0575771331787109,0.0506188869476318,0.0692312717437744,0.5604300498962402,0.0805673599243164,0.0001130104064941,0.058692455291748,alex
0.0487921237945556,0.1103923320770263,0.0494861602783203,0.1406641006469726,0.0489354133605957,0.0911116600036621,0.0799841880798339,0.0606539249420166,0.0685887336730957,0.1013987064361572,0.0887873172760009,0.1803677082061767,0.0593013763427734,0.2308740615844726,0.0589940547943115,0.1106629371643066,0.0595028400421142,0.0404584407806396,0.0697770118713378,0.2407186031341552,0.0797646045684814,0.0098450183868408,0.0695295333862304,alex
0.0487058162689209,0.0509471893310546,0.0592973232269287,0.1017112731933593,0.0384309291839599,0.0803871154785156,0.0698678493499755,0.0801143646240234,0.079709768295288,0.0300483703613281,0.069695234298706,0.5502040386199951,0.0497272014617919,0.5719099044799805,0.0683085918426513,0.1003406047821044,0.0594022274017334,0.1304414272308349,0.069700002670288,0.4408628940582275,0.0696520805358886,9.441375732421876e-05,0.0898678302764892,alex
0.048457384109497,0.0803627967834472,0.0496025085449218,0.6499457359313965,0.0398931503295898,0.0916447639465332,0.0583398342132568,0.0605082511901855,0.0696802139282226,0.1205053329467773,0.0698463916778564,0.1499371528625488,0.049772024154663,0.2603209018707275,0.0608727931976318,0.1002430915832519,0.0,0.049283742904663,0.0603151321411132,0.1212434768676757,0.0687189102172851,0.0299570560455322,0.0700430870056152,alex
0.0483536720275878,0.0509991645812988,0.0489933490753173,0.1204664707183837,0.0405418872833251,0.0706722736358642,0.0787134170532226,0.0502943992614746,0.0806288719177246,0.0690903663635253,0.0701394081115722,0.6301431655883789,0.0596203804016113,0.2607614994049072,0.0592463016510009,0.1014316082000732,0.0786187648773193,9.584426879882812e-05,0.0697090625762939,0.1710631847381591,0.0889286994934082,9.179115295410156e-05,0.0610027313232421,alex
0.0588381290435791,0.0804576873779296,0.0497803688049316,0.6304161548614502,0.0594267845153808,0.1016089916229248,0.0584385395050048,0.0915393829345703,0.0686326026916503,0.1417758464813232,0.0689058303833007,0.2101004123687744,0.0600082874298095,0.2198734283447265,0.0490710735321044,0.1110217571258544,0.0590860843658447,9.441375732421876e-05,0.0599937438964843,0.1301071643829345,0.079991340637207,0.040400743484497,0.0496680736541748,alex
0.0591433048248291,0.0615291595458984,0.0483705997467041,0.1105971336364746,0.0496864318847656,0.0706129074096679,0.0803146362304687,0.0493912696838378,0.0903384685516357,0.0799722671508789,0.0692715644836425,0.5208337306976318,0.0792784690856933,0.3213803768157959,0.0483729839324951,0.1108818054199218,0.0591721534729003,0.0099134445190429,0.0703670978546142,0.1615321636199951,0.0784821510314941,0.0107476711273193,0.06007981300354,alex
0.0586674213409423,0.0503783226013183,0.0494275093078613,0.2010715007781982,0.049224853515625,0.0914504528045654,0.0685441493988037,0.0704412460327148,0.0895955562591552,0.0806622505187988,0.0799908638000488,0.2600886821746826,0.0591950416564941,0.441716194152832,0.048267126083374,0.1108365058898925,0.0601851940155029,0.0192353725433349,0.059760570526123,0.1415989398956298,0.0786375999450683,0.0405199527740478,0.0513532161712646,alex
0.0576441287994384,0.0807735919952392,0.0693552494049072,0.2706232070922851,0.0694150924682617,0.0706267356872558,0.099740982055664,0.0522611141204834,0.1177814006805419,0.1198489665985107,0.090174913406372,0.1809513568878173,0.0585834980010986,0.301438570022583,0.0585970878601074,0.1107282638549804,0.0494387149810791,0.0001294612884521,0.0695960521697998,0.1300187110900879,0.0800769329071044,9.012222290039062e-05,0.0,alex
0.0585739612579345,0.1009294986724853,0.0490889549255371,0.1502950191497802,0.0598859786987304,0.0907199382781982,0.0899379253387451,0.0407702922821044,0.0786497592926025,0.1002864837646484,0.0695695877075195,0.1604142189025879,0.0697183609008789,0.2805714607238769,0.0693087577819824,0.6806774139404297,0.059413194656372,0.0906989574432373,0.059105634689331,0.370699405670166,0.0802466869354248,0.0001094341278076,0.0690665245056152,alex
0.0680456161499023,0.0604081153869628,0.0495102405548095,0.0802946090698242,0.0599737167358398,0.0715417861938476,0.0789020061492919,0.0407371520996093,0.0798277854919433,0.1095795631408691,0.0691590309143066,0.3218204975128174,0.0382332801818847,0.2213480472564697,0.0587754249572753,0.1006860733032226,0.0702533721923828,0.0001237392425537,0.0588243007659912,0.2417566776275634,0.0782601833343505,0.0200140476226806,0.0600998401641845,alex
0.0787792205810546,0.0323004722595214,0.0591504573822021,0.1197504997253418,0.0388457775115966,0.1106314659118652,0.059356689453125,0.0603394508361816,0.089778184890747,0.19022798538208,0.0694892406463623,0.1719276905059814,0.0584619045257568,0.2702391147613525,0.0694186687469482,0.1208817958831787,0.0,0.0489933490753173,0.0594031810760498,0.1606745719909668,0.0794239044189453,0.0299029350280761,0.0597658157348632,alex
0.0582859516143798,0.0518531799316406,0.0391669273376464,0.110769510269165,0.0583212375640869,0.0807540416717529,0.069526195526123,0.0407526493072509,0.1096196174621582,0.12050461769104,0.0791332721710205,0.2307441234588623,0.049030065536499,0.4003963470458984,0.0495922565460205,0.1319611072540283,0.0,0.0379910469055175,0.0609307289123535,0.2009625434875488,0.0,0.0784227848052978,0.0703997611999511,alex
0.0575242042541503,0.0916628837585449,0.0481784343719482,0.1108219623565673,0.0589816570281982,0.0605862140655517,0.0808899402618408,0.0402805805206298,0.0791993141174316,0.0995807647705078,0.0598280429840087,0.3903203010559082,0.0802323818206787,0.2807979583740234,0.0586528778076171,0.1016058921813964,0.0582854747772216,8.344650268554688e-05,0.0806913375854492,0.1296467781066894,0.0997514724731445,0.0399496555328369,0.0598301887512207,alex
0.05877685546875,0.0700709819793701,0.0495975017547607,0.0908441543579101,0.0502824783325195,0.0896852016448974,0.0701937675476074,0.059340476989746,0.0905413627624511,0.0799369812011718,0.0693790912628173,0.220665693283081,0.0491890907287597,0.3408327102661133,0.0492434501647949,0.1205253601074218,0.0596606731414794,0.020449161529541,0.0595040321350097,0.1306183338165283,0.0792384147644043,0.0219340324401855,0.0578582286834716,alex
0.0485198497772216,0.1020927429199218,0.0480628013610839,0.1216449737548828,0.0284445285797119,0.0908441543579101,0.0993075370788574,0.2302885055541992,0.0495569705963134,0.1405270099639892,0.0696020126342773,0.170417308807373,0.0595123767852783,0.2614059448242187,0.068591833114624,0.1001675128936767,0.0,0.0506863594055175,0.0601260662078857,0.1402463912963867,0.0795514583587646,0.0420432090759277,0.0581493377685546,alex
0.060054063796997,0.079496145248413,0.0392870903015136,0.111717939376831,0.0683753490447998,0.0705733299255371,0.0794897079467773,0.0402507781982421,0.0900096893310546,0.5806357860565186,0.0792720317840576,0.190434455871582,0.059389591217041,0.2619733810424804,0.0581283569335937,0.1005332469940185,0.0607993602752685,9.703636169433594e-05,0.0888881683349609,0.1302464008331298,0.0,0.0797047615051269,0.0700154304504394,alex
0.0679819583892822,0.1113250255584716,0.0294053554534912,0.4299206733703613,0.0391008853912353,0.1005568504333496,0.0596225261688232,0.0607893466949462,0.0995807647705078,0.1008098125457763,0.0688800811767578,0.1404252052307129,0.0695862770080566,0.2201216220855713,0.059748888015747,0.1104271411895752,0.0595028400421142,0.0100719928741455,0.0700032711029052,0.1719062328338623,0.0888960361480712,0.0196664333343505,0.0696439743041992,alex
0.0593111515045166,0.1101953983306884,0.0594613552093505,0.1204650402069091,0.0599415302276611,0.1012594699859619,0.0784997940063476,0.0513575077056884,0.0887393951416015,0.1199202537536621,0.0901050567626953,0.3111550807952881,0.0586824417114257,0.2201895713806152,0.0609025955200195,0.1193978786468505,0.0,0.0295577049255371,0.0499753952026367,0.1410567760467529,0.0790565013885498,0.0206243991851806,0.0492146015167236,alex
0.0675671100616455,0.0907912254333496,0.0390584468841552,0.0906403064727783,0.0494763851165771,0.0818750858306884,0.0781850814819336,0.0507881641387939,0.0999269485473632,0.0707747936248779,0.0888822078704834,0.3409788608551025,0.0486042499542236,0.1905817985534668,0.059549331665039,0.1201117038726806,0.0607478618621826,0.0089809894561767,0.0817694664001464,0.1196737289428711,0.0893173217773437,0.0608162879943847,0.0696511268615722,alex
0.0776574611663818,0.0704231262207031,0.0494928359985351,0.101297378540039,0.0383601188659668,0.1019124984741211,0.0785839557647705,0.0706651210784912,0.0892276763916015,0.1308839321136474,0.0688855648040771,0.1307625770568847,0.0593025684356689,0.2107539176940918,0.0492777824401855,0.1404056549072265,0.0501136779785156,0.0194048881530761,0.0598793029785156,0.1308977603912353,0.0896368026733398,0.030409812927246,0.0493266582489013,alex
0.0699555873870849,0.079282522201538,0.0506484508514404,0.0909786224365234,0.0390691757202148,0.0800249576568603,0.0909845829010009,0.0686750411987304,0.0897426605224609,0.0903019905090332,0.0999314785003662,0.1404483318328857,0.0691158771514892,0.2406611442565918,0.0691747665405273,0.1109762191772461,0.0,0.0590705871582031,0.0591566562652587,0.1304554939270019,0.1098806858062744,0.2100088596343994,0.0704505443572998,alex
0.0599973201751709,0.05949068069458,0.0494933128356933,0.0804448127746582,0.0496087074279785,0.0803885459899902,0.0803728103637695,0.0410239696502685,0.0787322521209716,0.1102967262268066,0.0701258182525634,0.15053391456604,0.038884162902832,0.3804042339324951,0.0702655315399169,0.1097779273986816,0.0,0.0501737594604492,0.0703928470611572,0.1506521701812744,0.0996725559234619,0.0309944152832031,0.0696077346801757,alex
0.0588595867156982,0.1004300117492675,0.0494565963745117,0.1117975711822509,0.0289959907531738,0.089524507522583,0.0798807144165039,0.0706448554992675,0.0899140834808349,0.1110594272613525,0.0786910057067871,0.1300632953643798,0.0704078674316406,0.2593491077423095,0.0597646236419677,0.1417741775512695,0.0582234859466552,0.0107982158660888,0.0592913627624511,0.5616457462310791,0.0682234764099121,0.040431261062622,0.0697286128997802,alex
0.0479202270507812,0.1110002994537353,0.0594115257263183,0.1706585884094238,0.0692481994628906,0.1003258228302002,0.0899477005004882,0.0703773498535156,0.0900073051452636,0.1499941349029541,0.0693683624267578,0.2107877731323242,0.0299487113952636,0.2597317695617676,0.0494773387908935,0.1204373836517334,0.0,0.0493857860565185,0.0703098773956298,0.1423900127410888,0.0978586673736572,0.0208592414855957,0.058962345123291,alex
0.0584301948547363,0.0910382270812988,0.0591709613800048,0.1415295600891113,0.0685880184173584,0.0902905464172363,0.0797219276428222,0.0804269313812255,0.0896167755126953,0.080582857131958,0.0791366100311279,0.1708877086639404,0.0695111751556396,0.2401635646820068,0.0593247413635253,0.1226975917816162,0.0,0.0072946548461914,0.0393428802490234,0.1512813568115234,0.0898530483245849,0.0086276531219482,0.080247163772583,alex
0.068641185760498,0.3203890323638916,0.0503711700439453,0.1499733924865722,0.0691425800323486,0.0713477134704589,0.0994162559509277,0.0796632766723632,0.0903980731964111,0.0997927188873291,0.0899734497070312,0.1500217914581298,0.0594167709350585,0.1628906726837158,0.0571513175964355,0.1508805751800537,0.0,0.0388717651367187,0.090752363204956,0.1103332042694091,0.1197836399078369,9.41753387451172e-05,0.1008543968200683,alex
0.0484910011291503,0.1010165214538574,0.0491881370544433,0.1417610645294189,0.058351993560791,0.0905020236968994,0.0904171466827392,0.0497894287109375,0.0898809432983398,0.1110782623291015,0.0788297653198242,0.1405448913574218,0.0599589347839355,0.2986633777618408,0.0704350471496582,0.1003119945526123,0.0696370601654052,0.0097815990447998,0.0909008979797363,0.1693987846374511,0.0901579856872558,0.0399281978607177,0.0697889328002929,alex
0.0687105655670166,0.0512318611145019,0.0485527515411376,0.111591100692749,0.0584616661071777,0.0916206836700439,0.0786371231079101,0.0305495262145996,0.0905351638793945,0.1089546680450439,0.0708272457122802,0.4795069694519043,0.0695083141326904,0.2818188667297363,0.0692901611328125,0.10978364944458,0.0,0.0590255260467529,0.0700442790985107,0.1402812004089355,0.0909473896026611,0.0389506816864013,0.0,alex
0.0685596466064453,0.0808489322662353,0.0489876270294189,0.1216576099395752,0.1190242767333984,0.1400120258331298,0.0797014236450195,0.2203898429870605,0.0695724487304687,0.0803205966949462,0.0897507667541503,0.1506421566009521,0.0692760944366455,0.1703603267669677,0.059420108795166,0.1110119819641113,0.0603952407836914,9.5367431640625e-05,0.0787630081176757,0.2005567550659179,0.0995969772338867,0.0196166038513183,0.0510756969451904,alex
0.0674300193786621,0.0605702400207519,0.0494899749755859,0.1119172573089599,0.04813814163208,0.0703463554382324,0.0902075767517089,0.0613346099853515,0.0881931781768798,0.1804728507995605,0.0693440437316894,0.1821498870849609,0.0478138923645019,0.1620216369628906,0.0682647228240966,0.7317893505096436,0.0581092834472656,0.0607144832611084,0.0593540668487548,0.5017914772033691,0.0987868309020996,9.632110595703124e-05,0.0793948173522949,alex
0.0594034194946289,0.0299823284149169,0.0611324310302734,0.1097097396850586,0.0589902400970459,0.1009399890899658,0.059422492980957,0.040292739868164,0.0800230503082275,0.0999789237976074,0.0796806812286377,0.4603657722473144,0.0493826866149902,0.3109464645385742,0.0491087436676025,0.120851993560791,0.0500648021697998,0.0001018047332763,0.0998320579528808,0.2609128952026367,0.0,0.0909883975982666,0.0707712173461914,alex
0.0489919185638427,0.1605355739593505,0.0596299171447753,0.0906896591186523,0.0606014728546142,0.0991656780242919,0.0797872543334961,0.0703523159027099,0.0801515579223632,0.1197540760040283,0.0594487190246582,0.1715297698974609,0.0684437751770019,0.2407805919647216,0.0501916408538818,0.1299734115600586,0.0499088764190673,0.0191652774810791,0.0905783176422119,0.3300528526306152,0.0,0.0897800922393798,0.0705783367156982,alex
0.0680811405181884,0.1309845447540283,0.0483083724975585,0.2520396709442138,0.0480427742004394,0.0918982028961181,0.0889539718627929,0.0796623229980468,0.0997354984283447,0.0906953811645507,0.0795028209686279,0.2203538417816162,0.0795729160308837,0.2411682605743408,0.0584089756011962,0.1109867095947265,0.0,0.0488920211791992,0.0511484146118164,0.1800391674041748,0.0691461563110351,0.0604538917541503,0.069617748260498,alex
0.0690674781799316,0.120790958404541,0.0494401454925537,0.1600606441497802,0.0596880912780761,0.1008265018463134,0.0691189765930175,0.061509370803833,0.0993187427520752,0.129777193069458,0.0903029441833496,0.3499965667724609,0.0594172477722168,0.1822774410247802,0.0676596164703369,0.1105141639709472,0.0695083141326904,9.489059448242188e-05,0.079784870147705,0.1907386779785156,0.0998892784118652,0.010472297668457,0.0789361000061035,alex
0.0483949184417724,0.069568395614624,0.0595228672027587,0.0905871391296386,0.0502490997314453,0.0795843601226806,0.0795836448669433,0.0810513496398925,0.0789575576782226,0.2306103706359863,0.0792551040649414,0.2505061626434326,0.0693278312683105,0.1708760261535644,0.069239854812622,0.121316909790039,0.0487599372863769,0.0508112907409668,0.0692300796508789,0.120805025100708,0.0796153545379638,0.0498569011688232,0.0696039199829101,alex
0.0676290988922119,0.0805699825286865,0.0593454837799072,0.0808241367340087,0.0490784645080566,0.0806612968444824,0.091459035873413,0.0698022842407226,0.0682322978973388,0.0907855033874511,0.0993804931640625,0.3303360939025879,0.0594732761383056,0.2408478260040283,0.0590894222259521,0.1405794620513916,0.0,0.0102565288543701,0.0591871738433837,0.1602344512939453,0.0900182723999023,0.0202136039733886,0.0695996284484863,alex
0.1052474975585937,0.0560925006866455,0.0580785274505615,0.0944247245788574,0.0747950077056884,0.0702977180480957,0.0758697986602783,0.0627975463867187,0.0712883472442627,0.1073551177978515,0.0762727260589599,0.1719527244567871,0.0796172618865966,0.783700704574585,0.0700345039367675,0.1171398162841796,0.0,0.0625641345977783,0.0812811851501464,0.2197580337524414,0.0589587688446044,0.0776004791259765,0.0880377292633056,oswaldo
0.0787601470947265,0.0010066032409667,0.0625600814819336,0.0791049003601074,0.0867776870727539,0.0632922649383544,0.1016554832458496,0.0840740203857421,0.0894291400909423,0.2811064720153808,0.0874192714691162,0.1269772052764892,0.0663726329803466,0.1860799789428711,0.0685465335845947,0.027407169342041,0.0678455829620361,0.0552403926849365,0.0694000720977783,0.114635944366455,0.0474863052368164,0.0649421215057373,0.0808513164520263,oswaldo
0.0570154190063476,0.011465311050415,0.0563845634460449,0.0612106323242187,0.0530178546905517,0.0571537017822265,0.0751283168792724,0.0684766769409179,0.0618486404418945,0.1048402786254882,0.0590829849243164,0.1910526752471923,0.0861177444458007,0.2623872756958008,0.0669054985046386,0.0693206787109375,0.0736491680145263,0.1097238063812255,0.0703101158142089,0.1365623474121093,0.0523316860198974,0.0673718452453613,0.0858149528503418,oswaldo
0.0758359432220459,0.0085585117340087,0.0610332489013671,0.0700242519378662,0.0670363903045654,0.0759601593017578,0.0767228603363037,0.0879640579223632,0.0814349651336669,0.3726451396942138,0.0704631805419921,0.1317086219787597,0.0666260719299316,0.1198999881744384,0.0564479827880859,0.0339818000793457,0.06089448928833,0.0684466361999511,0.0644125938415527,0.1583549976348877,0.0694689750671386,0.1094362735748291,0.0814690589904785,oswaldo
0.0835685729980468,0.0448830127716064,0.0602531433105468,0.0621535778045654,0.0726394653320312,0.0556955337524414,0.088191270828247,0.0591611862182617,0.0798654556274414,0.1050219535827636,0.0707342624664306,0.1309506893157959,0.0652554035186767,0.1457784175872802,0.0743844509124755,0.1198172569274902,0.0688297748565673,0.0020036697387695,0.0680849552154541,0.1058106422424316,0.0651996135711669,0.0702061653137207,0.0,oswaldo
0.0852398872375488,0.0705060958862304,0.057295799255371,0.0478107929229736,0.0673062801361084,0.0484218597412109,0.0878355503082275,0.0499172210693359,0.0746028423309326,0.1079378128051757,0.0778255462646484,0.1383404731750488,0.0822460651397705,0.7462961673736572,0.0706415176391601,0.0310416221618652,0.0667991638183593,0.0419201850891113,0.0699374675750732,0.1133201122283935,0.059298038482666,0.0725400447845459,0.0986924171447753,oswaldo
0.0654268264770507,0.021134614944458,0.0468606948852539,0.062960147857666,0.0501470565795898,0.0565817356109619,0.0873057842254638,0.0704421997070312,0.0554661750793457,0.1053457260131836,0.0707077980041503,0.1144967079162597,0.05361008644104,0.0822482109069824,0.0557618141174316,0.1100120544433593,0.0565531253814697,0.0059194564819335,0.0617930889129638,0.0966081619262695,0.0511529445648193,0.0707783699035644,0.0752959251403808,oswaldo
0.0643653869628906,0.0152280330657958,0.0568504333496093,0.7726895809173584,0.0580954551696777,0.0604913234710693,0.0644810199737548,0.0672988891601562,0.0701613426208496,0.0931625366210937,0.0681788921356201,0.1131961345672607,0.0658686161041259,0.0593600273132324,0.067126989364624,0.1083545684814453,0.0,0.0546298027038574,0.0560355186462402,0.0832817554473877,0.0618677139282226,0.0618426799774169,0.0,oswaldo
0.0640337467193603,0.0274932384490966,0.0501980781555175,0.0631246566772461,0.05019211769104,0.0540981292724609,0.0759694576263427,0.0688016414642334,0.0528280735015869,0.0987117290496826,0.0698888301849365,0.1075501441955566,0.0,0.0542190074920654,0.053159475326538,0.0995278358459472,0.0,0.0625567436218261,0.0544767379760742,0.0924277305603027,0.0584654808044433,0.0644326210021972,0.0810401439666748,oswaldo
0.0678622722625732,0.019627571105957,0.0515229701995849,0.5975098609924316,0.0545735359191894,0.0701837539672851,0.0619440078735351,0.0791943073272705,0.0607683658599853,0.1236834526062011,0.0731039047241211,0.1185226440429687,0.0699846744537353,0.1030299663543701,0.0584514141082763,0.104356050491333,0.0545156002044677,0.0143775939941406,0.0661604404449462,0.0881145000457763,0.0668976306915283,0.067089557647705,0.0878872871398925,oswaldo
0.0809495449066162,0.0337607860565185,0.0486538410186767,0.065143346786499,0.0477945804595947,0.0639421939849853,0.070225715637207,0.0768055915832519,0.0555322170257568,0.0988581180572509,0.0646266937255859,0.1009514331817627,0.0632636547088623,0.105494737625122,0.0579056739807128,0.0209908485412597,0.0565690994262695,0.0537960529327392,0.06337571144104,0.0952818393707275,0.055901288986206,0.0574438571929931,0.0814907550811767,oswaldo
0.0615015029907226,0.0240139961242675,0.05806565284729,0.1056418418884277,0.0750257968902587,0.0760509967803955,0.0838973522186279,0.0702555179595947,0.0541441440582275,0.0990676879882812,0.0704123973846435,0.1344571113586425,0.0668408870697021,0.1055467128753662,0.0690793991088867,0.0420031547546386,0.0604331493377685,0.0594439506530761,0.0580279827117919,0.1351766586303711,0.0526971817016601,0.0631239414215087,0.0841367244720459,oswaldo
0.0659205913543701,0.0047550201416015,0.0563738346099853,0.0594587326049804,0.0553529262542724,0.0539717674255371,0.0670924186706543,0.0703928470611572,0.0663549900054931,0.1099278926849365,0.0759098529815673,0.113002061843872,0.0740559101104736,0.1011140346527099,0.051955223083496,0.0131173133850097,0.0633301734924316,0.0512449741363525,0.0458099842071533,0.0893292427062988,0.0715713500976562,0.0643119812011718,0.0,oswaldo
0.0,0.058098554611206,0.0527663230895996,0.164194107055664,0.0685832500457763,0.0849077701568603,0.0604274272918701,0.0849590301513671,0.0616524219512939,0.1169440746307373,0.0687868595123291,0.1305513381958007,0.0638556480407714,0.4108035564422607,0.0691158771514892,0.0174357891082763,0.0617172718048095,0.0479705333709716,0.0662164688110351,0.0955617427825927,0.0708174705505371,0.0673813819885253,0.0,oswaldo
0.0716865062713623,0.018064260482788,0.0500702857971191,0.0808501243591308,0.0589301586151123,0.0770604610443115,0.0658161640167236,0.0581026077270507,0.0602755546569824,0.1108069419860839,0.0601124763488769,0.1447601318359375,0.0658380985260009,0.2702317237854004,0.0595028400421142,0.1115219593048095,0.0687763690948486,0.0194873809814453,0.0681488513946533,0.1030035018920898,0.0607481002807617,0.0688648223876953,0.0835556983947753,oswaldo
0.0,0.0769047737121582,0.0517199039459228,0.3050823211669922,0.0588135719299316,0.0543045997619628,0.0704813003540039,0.0641047954559326,0.0659229755401611,0.0993814468383789,0.0840911865234375,0.1064610481262207,0.0700151920318603,0.0025160312652587,0.0750486850738525,0.0985121726989746,0.0,0.0495223999023437,0.0448527336120605,0.093484878540039,0.0798029899597168,0.0649106502532959,0.0,oswaldo
0.0792756080627441,0.0161926746368408,0.0611679553985595,0.158623456954956,0.0663785934448242,0.0581777095794677,0.0684332847595214,0.069589614868164,0.0654401779174804,0.1113336086273193,0.0809404850006103,0.1220355033874511,0.0756082534790039,0.1075537204742431,0.0726773738861084,0.0144679546356201,0.0364067554473876,0.0694174766540527,0.067929983139038,0.1117985248565673,0.057161808013916,0.0513057708740234,0.0897760391235351,oswaldo
0.0806238651275634,0.0581028461456298,0.0498967170715332,0.0923638343811035,0.0719804763793945,0.0647733211517334,0.0825941562652587,0.1044275760650634,0.0764613151550293,0.5136508941650391,0.0990684032440185,0.8231062889099121,0.0663700103759765,0.1216163635253906,0.0616660118103027,0.0256457328796386,0.0565149784088134,0.0463111400604248,0.0696516036987304,0.0850222110748291,0.0616347789764404,0.060997724533081,0.0,oswaldo
0.0857353210449218,0.0485379695892334,0.0480577945709228,0.0461847782135009,0.0612168312072753,0.0493149757385253,0.0938754081726074,0.103586196899414,0.0700833797454834,0.6633317470550537,0.0818445682525634,0.1375641822814941,0.0697615146636962,0.1195309162139892,0.0576612949371337,0.0020451545715332,0.0557930469512939,0.0656094551086425,0.0682947635650634,0.0909337997436523,0.0703144073486328,0.0721104145050048,0.0787169933319091,oswaldo
0.0712604522705078,0.0042610168457031,0.0600147247314453,0.1019554138183593,0.0590178966522216,0.0689465999603271,0.0800766944885253,0.0715224742889404,0.0536677837371826,0.1052556037902832,0.0725996494293212,0.1138343811035156,0.0589241981506347,0.1055643558502197,0.0429542064666748,0.1595051288604736,0.0807764530181884,0.0519354343414306,0.0631139278411865,0.1132509708404541,0.0655446052551269,0.060509443283081,0.0901262760162353,oswaldo
0.0749931335449218,0.016219139099121,0.0538892745971679,0.0916206836700439,0.0728414058685302,0.0593547821044921,0.0721931457519531,0.079925537109375,0.0538997650146484,0.1046772003173828,0.0719466209411621,0.1154985427856445,0.0634980201721191,0.0833089351654052,0.0627493858337402,0.0324394702911376,0.0658986568450927,0.0490717887878418,0.065458059310913,0.1186861991882324,0.0594644546508789,0.057460069656372,0.0976855754852294,oswaldo
0.0858302116394043,0.0156512260437011,0.0411827564239501,0.0535109043121337,0.0700480937957763,0.0469515323638916,0.0782866477966308,0.105252981185913,0.0599124431610107,0.3593118190765381,0.0505986213684082,0.2310883998870849,0.0655858516693115,0.2036378383636474,0.0468237400054931,0.0292708873748779,0.062082290649414,0.0882251262664794,0.0484504699707031,0.1082971096038818,0.0623090267181396,0.0777235031127929,0.0789740085601806,oswaldo
0.0687291622161865,0.0083255767822265,0.0620131492614746,0.0953242778778076,0.0635085105895996,0.0720968246459961,0.0777106285095214,0.0855815410614013,0.0542213916778564,0.1165869235992431,0.0748500823974609,0.1072425842285156,0.0775365829467773,0.2017076015472412,0.0825037956237793,0.1041061878204345,0.0537412166595459,0.0697286128997802,0.0688717365264892,0.1408591270446777,0.0611827373504638,0.0526444911956787,0.0,oswaldo
0.0,0.0850908756256103,0.0588774681091308,0.3944985866546631,0.0470132827758789,0.0541625022888183,0.0844581127166748,0.0744116306304931,0.0767643451690673,0.1108150482177734,0.0767152309417724,0.1090524196624755,0.0707857608795166,0.0932302474975586,0.0678300857543945,0.0298144817352294,0.0519564151763916,0.0568633079528808,0.0614302158355712,0.0991492271423339,0.0721759796142578,0.0552046298980712,0.095332384109497,oswaldo
0.068131685256958,0.0227053165435791,0.0578024387359619,0.1879248619079589,0.0699472427368164,0.0607078075408935,0.0778174400329589,0.0844464302062988,0.0587341785430908,0.1095149517059326,0.0746288299560546,0.1065874099731445,0.073099136352539,0.0869536399841308,0.0678436756134033,0.0381433963775634,0.0577325820922851,0.0692691802978515,0.0624940395355224,0.1050772666931152,0.0640716552734375,0.0654776096343994,0.0,oswaldo
0.0863125324249267,0.0252742767333984,0.048593521118164,0.0668623447418212,0.0684461593627929,0.043283462524414,0.0800471305847168,0.1001965999603271,0.0640704631805419,0.1596817970275879,0.0989329814910888,0.1117372512817382,0.0776402950286865,0.1286115646362304,0.0760655403137207,0.0110983848571777,0.0648102760314941,0.0517623424530029,0.0698809623718261,0.1108958721160888,0.0552318096160888,0.0554413795471191,0.093923807144165,oswaldo
0.0822744369506836,0.0128920078277587,0.0585453510284423,0.0994026660919189,0.0714764595031738,0.069066047668457,0.0805146694183349,0.0873048305511474,0.0583152770996093,0.1090807914733886,0.0718276500701904,0.1132035255432128,0.0590062141418457,0.0962207317352294,0.0754129886627197,0.0286002159118652,0.0589871406555175,0.0403547286987304,0.0667066574096679,0.0996870994567871,0.0678541660308837,0.0643432140350341,0.0,oswaldo
0.0808973312377929,0.0031416416168212,0.0481612682342529,0.1366539001464843,0.0684006214141845,0.0740001201629638,0.0751698017120361,0.0734283924102783,0.0655329227447509,0.1121747493743896,0.0685484409332275,0.0968074798583984,0.0664210319519043,0.0893957614898681,0.0676021575927734,0.0078225135803222,0.0588135719299316,0.0553836822509765,0.0602731704711914,0.0989458560943603,0.0634961128234863,0.0631365776062011,0.0,oswaldo
0.0762662887573242,0.0939018726348877,0.0485546588897705,0.0654001235961914,0.0965857505798339,0.0646991729736328,0.0952575206756591,0.1200647354125976,0.0669972896575927,0.1298224925994873,0.0721373558044433,0.1086049079895019,0.0595142841339111,0.0978255271911621,0.066641092300415,0.0331814289093017,0.0631062984466552,0.0473508834838867,0.059701919555664,0.1192011833190918,0.0414762496948242,0.0842413902282714,0.0818848609924316,oswaldo
0.0,0.070587158203125,0.0617413520812988,0.0921335220336914,0.0673232078552246,0.0759782791137695,0.0747284889221191,0.0995030403137207,0.0439667701721191,0.1263010501861572,0.0674588680267334,0.0958929061889648,0.067685842514038,0.1101477146148681,0.0611443519592285,0.0210561752319335,0.0716023445129394,0.0524854660034179,0.0709090232849121,0.1095600128173828,0.0520126819610595,0.0653584003448486,0.083240270614624,oswaldo
0.0,0.0466120243072509,0.0241637229919433,0.160541296005249,0.0573348999023437,0.0659401416778564,0.0652313232421875,0.0927808284759521,0.0564992427825927,0.1113042831420898,0.0669589042663574,0.1130545139312744,0.0514564514160156,0.0876393318176269,0.0644352436065673,0.0136487483978271,0.0590994358062744,0.0556461811065673,0.0611248016357421,0.0984220504760742,0.0625717639923095,0.0589418411254882,0.0783607959747314,oswaldo
0.0685095787048339,0.0018935203552246,0.044633150100708,0.0922944545745849,0.0663938522338867,0.0523397922515869,0.0755553245544433,0.0820143222808837,0.0632941722869873,0.0988316535949707,0.066202163696289,0.1094603538513183,0.0635673999786377,0.0842921733856201,0.0727961063385009,0.0125508308410644,0.0556943416595459,0.057509422302246,0.0718851089477539,0.1171510219573974,0.0069861412048339,0.3153629302978515,0.0746283531188964,oswaldo
0.0,0.0568046569824218,0.0446047782897949,0.1651747226715088,0.0541582107543945,0.0629284381866455,0.0855600833892822,0.0721862316131591,0.0608043670654296,0.0983588695526123,0.0719773769378662,0.1082372665405273,0.060579776763916,0.0902481079101562,0.0703191757202148,0.0018122196197509,0.060626745223999,0.0727016925811767,0.0548577308654785,0.1068971157073974,0.0606312751770019,0.0720305442810058,0.0,oswaldo
0.0760748386383056,0.0105342864990234,0.0526239871978759,0.0736308097839355,0.0307950973510742,0.0539126396179199,0.0779566764831543,0.0874249935150146,0.0633912086486816,0.0947949886322021,0.0692310333251953,0.1027441024780273,0.0726203918457031,0.0918202400207519,0.0650441646575927,0.0237901210784912,0.0602397918701171,0.0532019138336181,0.0659615993499755,0.1168959140777587,0.0594565868377685,0.0686280727386474,0.0,oswaldo
0.0863933563232421,0.0375576019287109,0.0558986663818359,0.0881922245025634,0.0686392784118652,0.0542328357696533,0.0707459449768066,0.0950901508331298,0.0545191764831543,0.1040103435516357,0.0678591728210449,0.0968666076660156,0.0617389678955078,0.1029434204101562,0.0694441795349121,0.0033717155456542,0.0591814517974853,0.0699973106384277,0.0582480430603027,0.0940549373626709,0.0774416923522949,0.0618743896484375,0.0,oswaldo
0.0804677009582519,0.0199174880981445,0.064042329788208,0.2518377304077148,0.0581569671630859,0.0546629428863525,0.0775685310363769,0.0902211666107177,0.0715329647064209,0.1461384296417236,0.0728726387023925,0.1102921962738037,0.0657670497894287,0.113534927368164,0.0595941543579101,0.0201187133789062,0.0642421245574951,0.0494275093078613,0.0682685375213623,0.1113033294677734,0.06325364112854,0.0721385478973388,0.0,oswaldo
0.0,0.0792617797851562,0.0591683387756347,0.178647756576538,0.0533642768859863,0.0648636817932128,0.0753593444824218,0.0767967700958252,0.0611262321472168,0.120035171508789,0.0578863620758056,0.1008734703063964,0.0645723342895507,0.0992720127105712,0.0662693977355957,0.004685640335083,0.0494873523712158,0.0907754898071289,0.0622138977050781,0.1173181533813476,0.0701301097869873,0.0735454559326171,0.0,oswaldo
0.0,0.066591739654541,0.0450928211212158,0.1586978435516357,0.0475568771362304,0.0625677108764648,0.0795924663543701,0.0780262947082519,0.0651814937591552,0.1105849742889404,0.0696256160736084,0.1028532981872558,0.0704352855682373,0.0840899944305419,0.0711381435394287,0.1168944835662841,0.053368330001831,0.0804588794708252,0.0631890296936035,0.1136426925659179,0.0616824626922607,0.0624506473541259,0.0,oswaldo
0.0,0.0807170867919921,0.0513882637023925,0.2434580326080322,0.062852144241333,0.0663425922393798,0.0702931880950927,0.0922915935516357,0.055004596710205,0.1169486045837402,0.0581531524658203,0.1122050285339355,0.0646648406982421,0.1088647842407226,0.06793212890625,0.0212154388427734,0.0539424419403076,0.0627939701080322,0.0583436489105224,0.1197383403778076,0.0507071018218994,0.0575306415557861,0.0908648967742919,oswaldo
0.0733129978179931,0.0094983577728271,0.0562303066253662,0.0691258907318115,0.0554361343383789,0.060892105102539,0.0812199115753173,0.0834419727325439,0.0553352832794189,0.1021246910095214,0.0632038116455078,0.1172924041748046,0.0562567710876464,0.0975947380065918,0.057849645614624,0.0222270488739013,0.0637726783752441,0.0577762126922607,0.0633406639099121,0.1261730194091797,0.0523688793182373,0.0669622421264648,0.0875368118286132,oswaldo
0.0,0.0703508853912353,0.0599710941314697,0.1337490081787109,0.0444114208221435,0.0579464435577392,0.0791182518005371,0.0715584754943847,0.0637564659118652,0.1272680759429931,0.0645954608917236,0.1133451461791992,0.0656032562255859,0.1124296188354492,0.0639281272888183,0.0210819244384765,0.0583753585815429,0.0981020927429199,0.0560603141784668,0.1143736839294433,0.049898624420166,0.0632297992706298,0.0935823917388916,oswaldo
0.0805294513702392,0.0038132667541503,0.0490109920501709,0.0720295906066894,0.0700197219848632,0.0636992454528808,0.079862356185913,0.0711894035339355,0.0588235855102539,0.1053643226623535,0.0724837779998779,0.1147012710571289,0.0619690418243408,0.1041147708892822,0.0,0.0646066665649414,0.0527009963989257,0.0966055393218994,0.0635886192321777,0.1176362037658691,0.0807924270629882,0.0748631954193115,0.0,oswaldo
0.0748600959777832,0.0101897716522216,0.0614111423492431,0.1675941944122314,0.0540096759796142,0.0577986240386962,0.0726704597473144,0.0828897953033447,0.053269624710083,0.1130661964416503,0.0606763362884521,0.106302261352539,0.0636482238769531,0.0973775386810302,0.0659120082855224,0.0152404308319091,0.0646123886108398,0.0536086559295654,0.0649192333221435,0.1142017841339111,0.0444815158843994,0.0589985847473144,0.0881905555725097,oswaldo
0.0804407596588134,0.0090065002441406,0.0535891056060791,0.1092348098754882,0.0608203411102294,0.0596821308135986,0.0720691680908203,0.0724127292633056,0.0577950477600097,0.109201431274414,0.0583798885345459,0.0989594459533691,0.0600421428680419,0.0853090286254882,0.0696163177490234,0.0152864456176757,0.0637006759643554,0.0453581809997558,0.0546672344207763,0.1171810626983642,0.0518701076507568,0.0659778118133544,0.0,oswaldo
0.0875067710876464,0.0120604038238525,0.0544514656066894,0.2757596969604492,0.0703306198120117,0.0599493980407714,0.0828962326049804,0.0897107124328613,0.0560181140899658,0.1046018600463867,0.0638165473937988,0.1093602180480957,0.0634360313415527,0.0961532592773437,0.0678791999816894,0.0165934562683105,0.0663297176361084,0.0550622940063476,0.062568187713623,0.1151223182678222,0.0600390434265136,0.0649540424346923,0.0,oswaldo
0.0,0.073453664779663,0.0477733612060546,0.2244727611541748,0.0698797702789306,0.0584008693695068,0.081925630569458,0.0775046348571777,0.059877872467041,0.1091401576995849,0.0600063800811767,0.1117694377899169,0.0582590103149414,0.0979475975036621,0.0656313896179199,0.0053415298461914,0.059504747390747,0.0795681476593017,0.0648446083068847,0.1016187667846679,0.0601165294647216,0.0707547664642334,0.0,oswaldo
0.0827302932739257,0.0120337009429931,0.059993028640747,0.0926454067230224,0.0515432357788085,0.0586328506469726,0.0715105533599853,0.0842173099517822,0.0555198192596435,0.1138594150543212,0.0582101345062255,0.102241039276123,0.0617866516113281,0.0960268974304199,0.0623781681060791,0.0180113315582275,0.0444617271423339,0.0916342735290527,0.0665137767791748,0.1169586181640625,0.0471196174621582,0.0729460716247558,0.0882201194763183,oswaldo
0.0701141357421875,0.0159034729003906,0.054234504699707,0.1621842384338379,0.047609806060791,0.0662074089050293,0.0764060020446777,0.0892057418823242,0.0547056198120117,0.0895929336547851,0.0823826789855957,0.1126353740692138,0.0714244842529296,0.1038868427276611,0.0727312564849853,0.0075387954711914,0.0535178184509277,0.0803091526031494,0.0666582584381103,0.1156833171844482,0.0683679580688476,0.0584499835968017,0.0,oswaldo
0.0824003219604492,0.0322511196136474,0.061352252960205,0.1400611400604248,0.0598392486572265,0.0601031780242919,0.0772871971130371,0.0727119445800781,0.0666711330413818,0.1383471488952636,0.040118932723999,0.1116421222686767,0.0722944736480712,0.1129214763641357,0.0656023025512695,0.0297808647155761,0.0418872833251953,0.0709369182586669,0.0588130950927734,0.1167418956756591,0.0501158237457275,0.0629551410675048,0.0,oswaldo
0.0888540744781494,0.0076818466186523,0.0583951473236084,0.1309082508087158,0.0659565925598144,0.0524008274078369,0.0842540264129638,0.0677816867828369,0.0680434703826904,0.1149663925170898,0.0717310905456543,0.0980370044708252,0.0667681694030761,0.100740909576416,0.0692493915557861,0.0031230449676513,0.0661532878875732,0.0770988464355468,0.0662894248962402,0.1117455959320068,0.0515191555023193,0.0599496364593505,0.0,oswaldo
0.0910849571228027,0.0040080547332763,0.0636219978332519,0.1003272533416748,0.0680973529815673,0.0876569747924804,0.0933840274810791,0.0881435871124267,0.0891613960266113,0.1065506935119628,0.067603588104248,0.1259570121765136,0.0935361385345459,0.1395726203918457,0.0895464420318603,0.0913219451904296,0.1122052669525146,0.0204131603240966,0.0915141105651855,0.1149289608001709,0.0646851062774658,0.0902740955352783,0.0926213264465332,bolio
0.0932543277740478,0.0405840873718261,0.0675208568572998,0.0590131282806396,0.0897152423858642,0.0755941867828369,0.0666325092315673,0.0967695713043212,0.0938954353332519,0.088712453842163,0.0894854068756103,0.1303513050079345,0.0871767997741699,0.0448932647705078,0.0878558158874511,0.0687425136566162,0.0915210247039794,0.0338392257690429,0.0925538539886474,0.1086063385009765,0.0904397964477539,0.0823888778686523,0.09230637550354,bolio
0.0920257568359375,0.0418682098388671,0.0685489177703857,0.0853216648101806,0.0677471160888671,0.0935950279235839,0.0703902244567871,0.0894389152526855,0.0886399745941162,0.1626021862030029,0.0898475646972656,0.1449878215789795,0.0897510051727294,0.0350973606109619,0.0885303020477294,0.0795283317565918,0.0905201435089111,0.1318328380584716,0.090541124343872,0.140782356262207,0.089109182357788,0.1006140708923339,0.0660576820373535,bolio
0.0888142585754394,0.0602650642395019,0.0680015087127685,0.0792503356933593,0.0870459079742431,0.0671918392181396,0.0698788166046142,0.1005859375,0.0681588649749755,0.111116886138916,0.0876767635345459,0.0998215675354003,0.0898201465606689,0.0291047096252441,0.0927896499633789,0.0629224777221679,0.1152760982513427,0.0772113800048828,0.0895287990570068,0.130690336227417,0.1125261783599853,0.0891895294189453,0.0873661041259765,bolio
0.1158032417297363,0.0211672782897949,0.0889737606048584,0.0951395034790039,0.0934889316558837,0.0723791122436523,0.0664534568786621,0.1126914024353027,0.0878429412841796,0.0999753475189209,0.0903279781341552,0.1293575763702392,0.1141993999481201,0.041832685470581,0.0912363529205322,0.0457305908203125,0.0952301025390625,0.0338087081909179,0.1117427349090576,0.1089658737182617,0.0887868404388427,0.0789556503295898,0.0911726951599121,bolio
0.0914452075958252,0.0415174961090087,0.0910568237304687,0.0832076072692871,0.0888161659240722,0.0920674800872802,0.0916285514831543,0.1529016494750976,0.1117551326751709,0.1225206851959228,0.1131277084350586,0.1082401275634765,0.0659072399139404,0.0629732608795166,0.0890703201293945,0.0649466514587402,0.0924203395843505,0.0205223560333251,0.0676047801971435,0.1312177181243896,0.1115102767944336,0.0739145278930664,0.0880072116851806,bolio
0.094336986541748,0.0087699890136718,0.0343508720397949,0.1188759803771972,0.0926103591918945,0.0582032203674316,0.0709478855133056,0.1016616821289062,0.0898787975311279,0.1015796661376953,0.0682466030120849,0.1182518005371093,0.0915617942810058,0.0529015064239501,0.0888240337371826,0.085709810256958,0.0908501148223877,0.0317287445068359,0.1104695796966552,0.0762853622436523,0.1158678531646728,0.0670223236083984,0.0913448333740234,bolio
0.1342098712921142,0.0325417518615722,0.0946712493896484,0.0870494842529296,0.0891535282135009,0.0712509155273437,0.0888268947601318,0.1341664791107177,0.0892019271850586,0.1098976135253906,0.0885634422302246,0.14699387550354,0.0925250053405761,0.0218634605407714,0.0879116058349609,0.0548076629638671,0.0875172615051269,0.0230963230133056,0.0926942825317382,0.1362569332122802,0.0910212993621826,0.0793790817260742,0.0683658123016357,bolio
0.0675611495971679,0.0706355571746826,0.0696167945861816,0.051776647567749,0.0964291095733642,0.0609428882598876,0.0877656936645507,0.0975129604339599,0.091332197189331,0.0926325321197509,0.0885515213012695,0.1183640956878662,0.0890824794769287,0.0392193794250488,0.0885968208312988,0.0486378669738769,0.1143524646759033,0.1268203258514404,0.0893096923828125,0.130516767501831,0.090813398361206,0.0941243171691894,0.0909340381622314,bolio
0.0900228023529052,0.0497992038726806,0.0680723190307617,0.0681772232055664,0.0888178348541259,0.0655469894409179,0.0911059379577636,0.0941038131713867,0.0896172523498535,0.0949509143829345,0.0895106792449951,0.0975723266601562,0.09149169921875,0.0507714748382568,0.0939319133758544,0.0576939582824707,0.0870912075042724,0.0910091400146484,0.090233564376831,0.1308648586273193,0.1127622127532959,0.0978419780731201,0.0892379283905029,bolio
0.0887720584869384,0.0279116630554199,0.0676600933074951,0.0753650665283203,0.0951128005981445,0.063669204711914,0.0889937877655029,0.0837290287017822,0.0912222862243652,0.0854799747467041,0.0894207954406738,0.1157021522521972,0.0887186527252197,0.0548908710479736,0.0878434181213378,0.061903953552246,0.0912022590637207,0.0773699283599853,0.1152842044830322,0.0963010787963867,0.0910346508026123,0.0957968235015869,0.1147494316101074,bolio
0.112438678741455,0.047715425491333,0.0681431293487548,0.0555799007415771,0.0922060012817382,0.0765442848205566,0.0895555019378662,0.1042883396148681,0.0674607753753662,0.1224467754364013,0.1119873523712158,0.1519656181335449,0.0927920341491699,0.0515697002410888,0.089508056640625,0.071641206741333,0.0907444953918457,0.1285459995269775,0.1100263595581054,0.1092634201049804,0.0947582721710205,0.1147615909576416,0.0926110744476318,bolio
0.1136996746063232,0.0435612201690673,0.0648653507232666,0.2414102554321289,0.0919539928436279,0.073434829711914,0.0902924537658691,0.129145860671997,0.0933837890625,0.1059930324554443,0.0860116481781005,0.1097662448883056,0.0909883975982666,0.0517230033874511,0.0891535282135009,0.0714342594146728,0.0921800136566162,0.0330786705017089,0.0849921703338623,0.1425340175628662,0.1150140762329101,0.0906472206115722,0.0896534919738769,bolio
0.090348482131958,0.0576763153076171,0.0704140663146972,0.0437602996826171,0.0918259620666503,0.0644476413726806,0.1112303733825683,0.0896024703979492,0.0682384967803955,0.0960173606872558,0.0893099308013916,0.1127476692199707,0.0866415500640869,0.0307643413543701,0.0921578407287597,0.0486209392547607,0.0911457538604736,0.0428550243377685,0.110832929611206,0.0923094749450683,0.0904517173767089,0.0812609195709228,0.0915544033050537,bolio
0.1085424423217773,0.0217485427856445,0.044558048248291,0.0688214302062988,0.1118659973144531,0.0344393253326416,0.0933928489685058,0.0830228328704834,0.0863854885101318,0.127772569656372,0.0671308040618896,0.1474008560180664,0.088376760482788,0.0215141773223876,0.0688135623931884,0.060159683227539,0.0673756599426269,0.0457706451416015,0.0889742374420166,0.0983052253723144,0.0899860858917236,0.0863218307495117,0.0904908180236816,bolio
0.0697262287139892,0.0301234722137451,0.0699117183685302,0.0685012340545654,0.0921814441680908,0.0712952613830566,0.0913641452789306,0.1200907230377197,0.0645246505737304,0.1196644306182861,0.090458869934082,0.0957553386688232,0.0709352493286132,0.0625140666961669,0.0912749767303466,0.067436933517456,0.0963103771209716,0.6509592533111572,0.0907895565032959,0.1637790203094482,0.0933189392089843,0.0789110660552978,0.0879604816436767,bolio
0.111868143081665,0.0688703060150146,0.0858550071716308,0.0830872058868408,0.0897583961486816,0.1077663898468017,0.0887491703033447,0.111811876296997,0.0697839260101318,0.0972135066986084,0.0856542587280273,0.1007676124572753,0.0933516025543212,0.0217812061309814,0.0878474712371826,0.0532450675964355,0.0685882568359375,0.0305643081665039,0.0907819271087646,0.4983694553375244,0.0917987823486328,0.0696520805358886,0.0923922061920166,bolio
0.091381549835205,0.020939826965332,0.0451312065124511,0.0713033676147461,0.0877830982208252,0.0854654312133789,0.0898983478546142,0.0998563766479492,0.0673203468322753,0.1087801456451416,0.0906944274902343,0.0932679176330566,0.0874254703521728,0.0300562381744384,0.0686607360839843,0.0682384967803955,0.0888874530792236,0.0208649635314941,0.0898103713989257,0.1005079746246337,0.1162269115447998,0.0771446228027343,0.0904057025909423,bolio
0.0902373790740966,0.0567591190338134,0.0702331066131591,0.0580105781555175,0.0857369899749755,0.0646722316741943,0.0921993255615234,0.0937995910644531,0.0878691673278808,0.1037683486938476,0.0893549919128418,0.1124181747436523,0.0907766819000244,0.0360469818115234,0.0904862880706787,0.0556380748748779,0.0686695575714111,0.0212061405181884,0.0919818878173828,0.1099212169647216,0.0893306732177734,0.0847949981689453,0.0891051292419433,bolio
0.1127939224243164,0.003000259399414,0.0415067672729492,0.0906252861022949,0.0886051654815673,0.0817265510559082,0.0887866020202636,0.1525530815124511,0.0679466724395752,0.1082119941711425,0.0911180973052978,0.1110754013061523,0.0883064270019531,0.0429065227508544,0.0893852710723877,0.0484616756439209,0.0694985389709472,0.0230851173400878,0.0856709480285644,0.1094110012054443,0.0918681621551513,0.1311433315277099,0.0910520553588867,bolio
0.1147127151489257,0.0095808506011962,0.0571162700653076,0.0726704597473144,0.0879240036010742,0.0575709342956543,0.0927145481109619,0.0994207859039306,0.0906088352203369,0.0891869068145752,0.0914490222930908,0.1077187061309814,0.1130757331848144,0.0217752456665039,0.0891642570495605,0.0658299922943115,0.0700860023498535,0.0727753639221191,0.1122679710388183,0.107656717300415,0.1137576103210449,0.1392560005187988,0.1129913330078125,bolio
0.1134858131408691,0.0562868118286132,0.0695326328277587,0.0810332298278808,0.092989444732666,0.0636599063873291,0.09120774269104,0.0898792743682861,0.0928354263305664,0.0936434268951416,0.0868914127349853,0.1136825084686279,0.0890250205993652,0.0200047492980957,0.068174123764038,0.0792732238769531,0.0919249057769775,0.0212318897247314,0.0914149284362793,0.1116847991943359,0.090245246887207,0.1468760967254638,0.0900757312774658,bolio
0.107839822769165,0.0317311286926269,0.0692214965820312,0.0611915588378906,0.0906546115875244,0.076958417892456,0.0931828022003173,0.0861599445343017,0.0925400257110595,0.1061186790466308,0.0650825500488281,0.1075630187988281,0.0864162445068359,0.0215816497802734,0.0686287879943847,0.0662877559661865,0.0875167846679687,0.0404250621795654,0.0908024311065673,0.1185274124145507,0.1104474067687988,0.0765550136566162,0.0887582302093505,bolio
0.0918962955474853,0.0589973926544189,0.0916335582733154,0.0527567863464355,0.0886142253875732,0.0598468780517578,0.1135671138763427,0.1088504791259765,0.090940237045288,0.1030142307281494,0.1126861572265625,0.0954997539520263,0.0886147022247314,0.0295159816741943,0.0902204513549804,0.0622041225433349,0.0904319286346435,0.0433716773986816,0.0902998447418212,0.1262495517730713,0.1327040195465088,0.1321842670440673,0.0920801162719726,bolio
0.11092209815979,0.0276844501495361,0.0912003517150878,0.0751793384552002,0.0916585922241211,0.0616078376770019,0.0932497978210449,0.088418960571289,0.088653564453125,0.112412691116333,0.112602949142456,0.077709674835205,0.1077761650085449,0.0215132236480712,0.0450706481933593,0.070526123046875,0.0893476009368896,0.0221753120422363,0.1177313327789306,0.0906715393066406,0.1093900203704834,0.0886077880859375,0.0912349224090576,bolio
0.0891735553741455,0.0533850193023681,0.04610276222229,0.1019632816314697,0.0895318984985351,0.0633454322814941,0.0898661613464355,0.1036903858184814,0.0885272026062011,0.1080667972564697,0.0923681259155273,0.1063005924224853,0.0905017852783203,0.028740644454956,0.0902903079986572,0.0408587455749511,0.074735403060913,0.0408210754394531,0.0910015106201171,0.1185560226440429,0.1320970058441162,0.0632553100585937,0.1130404472351074,bolio
0.1131577491760253,0.0485866069793701,0.073230504989624,0.0652575492858886,0.0891971588134765,0.0628359317779541,0.0877234935760498,0.1128022670745849,0.0898616313934326,0.0938034057617187,0.0910561084747314,0.123199462890625,0.0873620510101318,0.0238935947418212,0.0693123340606689,0.0517101287841796,0.0903458595275878,0.0300362110137939,0.0882759094238281,0.1107900142669677,0.0894927978515625,0.1313066482543945,0.0903286933898925,bolio
0.0710165500640869,0.0741655826568603,0.0695784091949462,0.0375435352325439,0.0889291763305664,0.067141056060791,0.0904760360717773,0.106738805770874,0.0872094631195068,0.0992186069488525,0.1104137897491455,0.1095483303070068,0.0882997512817382,0.022618293762207,0.0679950714111328,0.1031661033630371,0.1116912364959716,0.0696444511413574,0.0898990631103515,0.6012094020843506,0.08738374710083,0.0860354900360107,0.1143817901611328,bolio
0.1115298271179199,0.0761008262634277,0.0902791023254394,0.0792653560638427,0.088979959487915,0.0608768463134765,0.0895507335662841,0.089550495147705,0.0910518169403076,0.1035480499267578,0.1121234893798828,0.0872094631195068,0.1135258674621582,0.0015933513641357,0.0678257942199707,0.0651552677154541,0.0901992321014404,0.0420224666595459,0.1115744113922119,0.0907962322235107,0.1115684509277343,0.0940465927124023,0.0911576747894287,bolio
0.0894057750701904,0.0413241386413574,0.0680503845214843,0.0655431747436523,0.0676503181457519,0.1017022132873535,0.0690422058105468,0.1051027774810791,0.09324312210083,0.118173599243164,0.1125829219818115,0.112633466720581,0.0680623054504394,0.0297131538391113,0.0892977714538574,0.0644891262054443,0.0681898593902587,0.0551645755767822,0.0913140773773193,0.1081616878509521,0.1130762100219726,0.0810298919677734,0.1144106388092041,bolio
0.0897719860076904,0.0380733013153076,0.0689845085144043,0.0513947010040283,0.0689232349395752,0.0996761322021484,0.0871486663818359,0.081857681274414,0.0885365009307861,0.087273359298706,0.1123254299163818,0.0910251140594482,0.0675089359283447,0.0345287322998046,0.0900337696075439,0.0538756847381591,0.091174840927124,0.0204544067382812,0.0913259983062744,0.1133005619049072,0.1125712394714355,0.0722298622131347,0.0928380489349365,bolio
0.1115171909332275,0.0223133563995361,0.0465188026428222,0.0920476913452148,0.0899429321289062,0.0563881397247314,0.0879514217376709,0.1032865047454834,0.1180710792541503,0.0730657577514648,0.0895493030548095,0.1141252517700195,0.0894150733947753,0.0252220630645751,0.0834784507751464,0.029512882232666,0.0909490585327148,0.0218329429626464,0.0901455879211425,0.1138367652893066,0.08974289894104,0.0899415016174316,0.0911874771118164,bolio
0.094024658203125,0.0596160888671875,0.0440564155578613,0.1065437793731689,0.0926671028137207,0.09782075881958,0.0892667770385742,0.1107497215270996,0.0932598114013671,0.411329984664917,0.1116030216217041,0.1119747161865234,0.089750051498413,0.0229401588439941,0.0939152240753173,0.0501887798309326,0.0866289138793945,0.0229475498199462,0.0915403366088867,0.1079740524291992,0.0879478454589843,0.0760145187377929,0.0922198295593261,bolio
0.0907132625579834,0.0446784496307373,0.0692265033721923,0.0600900650024414,0.0895595550537109,0.0600101947784423,0.0894889831542968,0.1022281646728515,0.0737066268920898,0.1242618560791015,0.0890126228332519,0.1054928302764892,0.0874230861663818,0.0316805839538574,0.0709407329559326,0.0456836223602294,0.0904042720794677,0.0446527004241943,0.0880422592163086,0.1281404495239257,0.0689554214477539,0.1001052856445312,0.0911943912506103,bolio
0.1127309799194336,0.037278413772583,0.0671648979187011,0.1754043102264404,0.1139280796051025,0.05552339553833,0.1137146949768066,0.0983178615570068,0.0901360511779785,0.1018381118774414,0.0898661613464355,0.1084141731262207,0.091843843460083,0.0205159187316894,0.071376085281372,0.0709290504455566,0.0913245677947998,0.0850906372070312,0.0935144424438476,0.1096413135528564,0.1133809089660644,0.0620653629302978,0.1126089096069336,bolio
0.0902082920074462,0.0204083919525146,0.0456995964050293,0.0659930706024169,0.0901234149932861,0.0623877048492431,0.0902619361877441,0.0969629287719726,0.0663814544677734,0.1090140342712402,0.0888526439666748,0.107126235961914,0.092057466506958,0.0233807563781738,0.0678980350494384,0.0326645374298095,0.0924844741821289,0.0181357860565185,0.0910413265228271,0.1005754470825195,0.094949722290039,0.0624392032623291,0.0901801586151123,bolio
0.1144745349884033,0.0075387954711914,0.0582499504089355,0.1205816268920898,0.0907084941864013,0.0570375919342041,0.0898342132568359,0.116553783416748,0.0693056583404541,0.1084799766540527,0.1121330261230468,0.1787137985229492,0.0930783748626709,0.036388874053955,0.089911937713623,0.0516958236694335,0.0919597148895263,0.023005723953247,0.0900566577911377,0.1133248805999755,0.0888266563415527,0.0819294452667236,0.0902974605560302,bolio
0.114650011062622,0.0292601585388183,0.0700805187225341,0.411531925201416,0.1099419593811035,0.0563180446624755,0.090287446975708,0.1195199489593505,0.0935778617858886,0.1358351707458496,0.112999677658081,0.1122133731842041,0.0881350040435791,0.021350622177124,0.088979959487915,0.0235533714294433,0.0908684730529785,0.0320222377777099,0.0918257236480712,0.1046977043151855,0.0900468826293945,0.0785815715789794,0.0909273624420166,bolio
0.1117501258850097,0.0209734439849853,0.0675497055053711,0.0575997829437255,0.0927140712738037,0.058866262435913,0.09110689163208,0.1152727603912353,0.0697646141052246,0.1022036075592041,0.0905632972717285,0.1089580059051513,0.0898225307464599,0.030179738998413,0.0677495002746582,0.0526771545410156,0.0870697498321533,0.0291082859039306,0.114717960357666,0.0993707180023193,0.0910980701446533,0.0796337127685546,0.1106848716735839,bolio
0.0902795791625976,0.0817689895629882,0.0705440044403076,0.0741147994995117,0.0943071842193603,0.0775959491729736,0.0877430438995361,0.1075599193572998,0.0896470546722412,0.1028709411621093,0.0907647609710693,0.1422557830810547,0.1115050315856933,0.1047794818878173,0.0920228958129882,0.0421204566955566,0.1115939617156982,0.0503132343292236,0.0925168991088867,0.1047146320343017,0.1129016876220703,0.0760400295257568,0.0903329849243164,bolio
0.1131191253662109,0.0436346530914306,0.0892386436462402,0.1093337535858154,0.0906150341033935,0.0634551048278808,0.0925290584564209,0.1114065647125244,0.0870561599731445,0.0960378646850586,0.0881979465484619,0.0943539142608642,0.1147181987762451,0.0101494789123535,0.0788044929504394,0.0489823818206787,0.0895662307739257,0.0354607105255126,0.0907533168792724,0.1153042316436767,0.0914957523345947,0.0856423377990722,0.0904972553253173,bolio
0.0904068946838378,0.0280036926269531,0.0472557544708251,0.0687000751495361,0.0910315513610839,0.0668480396270752,0.087947130203247,0.1112756729125976,0.0893397331237793,0.102363109588623,0.0673131942749023,0.1270444393157959,0.1118972301483154,0.0069246292114257,0.0584356784820556,0.0637669563293457,0.0896201133728027,0.0315346717834472,0.0918855667114257,0.1498725414276123,0.1112115383148193,0.0939221382141113,0.092897891998291,bolio
0.1152427196502685,0.0218112468719482,0.0649912357330322,0.0548985004425048,0.0933678150177002,0.0739548206329345,0.0885970592498779,0.0851528644561767,0.0902645587921142,0.1028625965118408,0.0886697769165039,0.0921468734741211,0.0895252227783203,0.0390005111694335,0.0935792922973632,0.0483958721160888,0.0912468433380127,0.021550178527832,0.0935399532318115,0.1111330986022949,0.066465139389038,0.099604845046997,0.0894098281860351,bolio
0.1136362552642822,0.036639928817749,0.0473604202270507,0.063025951385498,0.0900871753692627,0.0674700736999511,0.0915372371673584,0.0847759246826171,0.0899879932403564,0.1136481761932373,0.0901744365692138,0.0957140922546386,0.0915284156799316,0.02000093460083,0.0723037719726562,0.0666990280151367,0.090731143951416,0.0211501121520996,0.0878322124481201,0.1039578914642334,0.1122686862945556,0.1257691383361816,0.0909845829010009,bolio
0.0941681861877441,0.0340230464935302,0.0687930583953857,0.0833690166473388,0.0890185832977294,0.0567083358764648,0.0916836261749267,0.0927062034606933,0.0689849853515625,0.1103370189666748,0.0702297687530517,0.0965561866760253,0.0903542041778564,0.0206325054168701,0.069002628326416,0.0566847324371337,0.0722088813781738,0.0215530395507812,0.0890076160430908,0.0951087474822998,0.0901966094970703,0.0798096656799316,0.0900406837463378,bolio
0.087205171585083,0.02909517288208,0.0458967685699462,0.0653343200683593,0.0913176536560058,0.0630347728729248,0.0903072357177734,0.0935244560241699,0.0899741649627685,0.1046252250671386,0.0909204483032226,0.098827838897705,0.0905754566192627,0.0206146240234375,0.0695056915283203,0.0730121135711669,0.0697221755981445,0.0704803466796875,0.0878021717071533,0.1197028160095214,0.0664446353912353,0.09352707862854,0.0905046463012695,bolio
0.0924155712127685,0.0429537296295166,0.0685467720031738,0.0633776187896728,0.0896151065826416,0.0632910728454589,0.0911097526550293,0.071246862411499,0.0901212692260742,0.1020212173461914,0.0907361507415771,0.123286485671997,0.0933451652526855,0.0199289321899414,0.0690042972564697,0.0726585388183593,0.0670185089111328,0.0471019744873046,0.0924744606018066,0.1118302345275878,0.0876808166503906,0.0797765254974365,0.1123721599578857,bolio
0.1133043766021728,0.0222742557525634,0.0644402503967285,0.0556375980377197,0.0877304077148437,0.06130051612854,0.0933725833892822,0.0911743640899658,0.0905539989471435,0.0904989242553711,0.0929646492004394,0.1324119567871093,0.0888979434967041,0.1598768234252929,0.069516897201538,0.0818450450897216,0.0885717868804931,0.0471460819244384,0.0914666652679443,0.2696762084960937,0.0904920101165771,0.0861909389495849,0.0910148620605468,bolio
0.0895500183105468,0.02203369140625,0.0451483726501464,0.0578682422637939,0.0677518844604492,0.066622257232666,0.088334321975708,0.0874488353729248,0.0908708572387695,0.0888469219207763,0.0682287216186523,0.1256308555603027,0.088355541229248,0.0223217010498046,0.0689876079559326,0.0593714714050293,0.0660479068756103,0.0307540893554687,0.090785264968872,0.1270263195037841,0.1110401153564453,0.0683743953704834,0.0911512374877929,bolio
0.0924859046936035,0.0206131935119628,0.046213150024414,0.1062679290771484,0.0923364162445068,0.0629215240478515,0.0905313491821289,0.1111259460449218,0.0897433757781982,0.1012125015258789,0.06817626953125,0.1056969165802002,0.0918374061584472,0.0206058025360107,0.0894222259521484,0.0433881282806396,0.0902049541473388,0.021888256072998,0.0897612571716308,0.0900990962982177,0.0694398880004882,0.0799813270568847,0.0,bolio
